<?xml version="1.0" encoding="UTF-8"?>
<project-private xmlns="http://www.netbeans.org/ns/project-private/1">
    <editor-bookmarks xmlns="http://www.netbeans.org/ns/editor-bookmarks/2" lastBookmarkId="0"/>
    <open-files xmlns="http://www.netbeans.org/ns/projectui-open-files/2">
        <group>
            <file>file:/C:/Users/pragn/.eclipse/mobile_shope/web/index.jsp</file>
            <file>file:/C:/Users/pragn/.eclipse/mobile_shope/web/footer.html</file>
            <file>file:/C:/Users/pragn/.eclipse/mobile_shope/web/login.jsp</file>
            <file>file:/C:/Users/pragn/.eclipse/mobile_shope/web/usernavbar.jsp</file>
            <file>file:/C:/Users/pragn/.eclipse/mobile_shope/src/java/com/Db/Dbconnect.java</file>
            <file>file:/C:/Users/pragn/.eclipse/mobile_shope/web/demo.jsp</file>
            <file>file:/C:/Users/pragn/.eclipse/mobile_shope/web/register.jsp</file>
            <file>file:/C:/Users/pragn/.eclipse/mobile_shope/web/header.jsp</file>
        </group>
    </open-files>
</project-private>
